Call  Failure,Subscription  Length,Charge  Amount,Seconds of Use,Frequency of use,Age Group,Customer Value,Tariff Plan_2,Complains_1,Status_2,Churn_log
0.8575328049460608,0.8728715173586992,3.0,0.7087423207192246,0.5719873607120347,2.0,1.2052616258599254,0,0,0,0
-0.6340157520662254,0.5232234131234549,0.0,0.7070851350714246,0.9886445394112996,1.0,3.0464220152274595,0,0,0,0
-1.0408017221604853,-0.5257208995822781,0.0,-0.3239210786670214,-0.07035912311599853,1.0,-0.6378300740302331,0,0,0,0
1.8067000684993337,0.057025940809795755,3.0,2.681976945635401,2.846241127778855,1.0,0.49499827880696623,0,0,0,0
2.07789071522884,-1.6912145803664258,2.0,1.28449596292632,2.0476482019385975,4.0,-0.3717107815217248,0,0,0,0
0.7219374815813074,0.057025940809795755,2.0,1.098180947952231,0.8150373816199392,2.0,0.8349854183342551,0,0,0,0
-0.3628251053367188,-2.5070601569153292,2.0,-0.0038475078347874163,-0.4349341544778553,2.0,1.0623828909584687,0,0,0,0
-1.0408017221604853,-0.5257208995822781,0.0,-0.7524219390267429,-0.6085413122692156,3.0,-0.6911896979251093,0,0,0,0
-0.3628251053367188,-2.5070601569153292,1.0,-0.10091123863450334,-0.5911805964900796,2.0,0.938549554874176,0,0,0,0
-1.0408017221604853,0.17357530888821052,0.0,-0.9626477754905179,-1.1814449329807046,1.0,-0.8754959996311708,0,0,1,0
1.399914098405074,-0.9919183718959372,5.0,-0.2611847648574489,-0.1571627020116787,3.0,-0.4951425579924024,1,0,0,0
-0.905206398795732,0.057025940809795755,0.0,-0.15062680806850418,-0.22660556512822283,1.0,-0.5756170167494663,0,0,0,0
2.349081361958347,0.5232234131234549,2.0,2.486665780001826,2.5858303910918146,2.0,0.41942858390191307,0,0,0,0
-1.0408017221604853,-1.108467739974352,0.0,-0.845461076110373,-0.7474270385023039,1.0,0.7267268586923121,1,0,0,0
-0.7696110754309786,0.9894208854371139,0.0,-0.9216916159091744,-0.9904770594102084,3.0,-0.8029093189986856,0,0,1,0
0.45074683485180095,0.5232234131234549,1.0,-0.006214915903073171,-0.018276975778590426,2.0,-0.5121897196846734,0,0,0,0
-1.0408017221604853,-0.29262216342544856,0.0,-1.0703648425975196,-1.2161663645389769,4.0,-0.9148201589358879,0,1,0,1
0.8575328049460608,0.40667404504504007,0.0,-0.31752907688264986,-0.5043770175943993,2.0,-0.6149124932246394,0,0,1,1
-0.09163445860721221,0.6397727812018696,1.0,-0.11795657672616078,0.31157662402499425,2.0,-0.5315410686836395,0,0,0,0
-0.3628251053367188,0.40667404504504007,1.0,-0.9981588965148042,-1.1120020698641606,4.0,-0.8858218182669826,0,0,0,0
-0.7696110754309786,0.17357530888821052,0.0,1.5444373688240958,1.24905527609834,2.0,-0.05915398798160672,0,0,0,0
-1.0408017221604853,-0.05952342726861902,0.0,-0.5152076505845103,-0.9557556278519362,2.0,-0.7343095516728054,0,0,0,0
-1.0408017221604853,0.17357530888821052,0.0,-1.0703648425975196,-1.2161663645389769,4.0,-0.8976104612095346,0,0,0,0
0.5863421582165542,0.6397727812018696,1.0,-0.01852543785815909,-0.018276975778590426,0.0,-0.36667216446517575,0,0,0,0
0.17955618812229435,0.9894208854371139,0.0,-0.780830835846172,-0.8515913331771201,2.0,-0.5519632433189119,0,0,1,0
-1.0408017221604853,0.057025940809795755,0.0,-1.0703648425975196,-1.2161663645389769,1.0,-0.9148201589358879,0,0,1,0
-0.3628251053367188,-0.05952342726861902,0.0,-0.8135010671885153,-0.8689520489562561,3.0,-0.6898989705956328,0,0,1,0
1.2643187750403206,0.7563221492802844,2.0,-0.27609943568764916,-0.3481305755821751,2.0,-0.4937562212311129,0,1,0,1
-0.4984204287014721,1.2225196215939436,0.0,-0.9022788697492311,-0.8689520489562561,2.0,-0.6983604053110898,0,0,1,0
-1.0408017221604853,0.6397727812018696,0.0,-1.0703648425975196,-1.2161663645389769,1.0,-0.9148201589358879,0,0,1,0
-0.7696110754309786,0.6397727812018696,0.0,-0.9022788697492311,-0.9731163436310724,2.0,-0.7600093669441595,0,0,1,0
0.04396086475754107,0.9894208854371139,2.0,1.6628077722383836,1.4921052970062445,3.0,-0.25506727470977536,0,0,0,0
-0.6340157520662254,0.17357530888821052,0.0,-0.4394505923993662,-0.38285200714044715,1.0,0.8416876395043515,0,0,0,0
-0.2272297819719655,1.1059702535155287,3.0,-0.8992012392604597,-1.0078377751893444,4.0,-0.833504337178869,0,0,0,0
0.7219374815813074,0.7563221492802844,1.0,-0.46241445066173803,-0.08771983889513456,2.0,2.017176920816544,0,0,0,0
0.3151515114870476,0.6397727812018696,1.0,1.0579350107913734,0.9192016762947555,2.0,0.9142265154209301,0,0,0,0
-0.905206398795732,0.8728715173586992,0.0,-1.019939050743033,-1.1467235014224326,2.0,-0.8217348161226796,0,0,1,0
-0.6340157520662254,0.7563221492802844,0.0,-0.6868447355352275,-0.38285200714044715,2.0,-0.4353962240524129,0,0,1,0
-0.3628251053367188,0.6397727812018696,2.0,-0.9181405038067457,-1.0425592067476164,4.0,-0.8645391587453926,0,0,0,0
-0.3628251053367188,0.6397727812018696,1.0,-0.44584259418373773,-0.1571627020116787,1.0,-0.6223413460765151,0,0,0,0
-0.2272297819719655,0.7563221492802844,0.0,-0.5701315177687398,-0.24396628090735886,2.0,-0.6571336183132926,0,0,1,0
1.8067000684993337,-1.6912145803664258,1.0,0.48809988875499233,1.231694560319204,0.0,0.4233676924926118,1,0,0,0
1.6711047451345804,0.2901246769666253,1.0,2.4144598339191106,2.4816660964169985,1.0,0.4992146547499228,0,0,0,0
0.04396086475754107,0.5232234131234549,0.0,-0.6293167194758836,-0.5390984491526715,2.0,-0.6469607747683815,0,0,1,0
0.04396086475754107,0.17357530888821052,0.0,0.23478722544841663,0.3810194871415384,1.0,-0.26902625175448397,0,0,0,0
0.8575328049460608,0.7563221492802844,2.0,1.7610552070722423,1.5789088759019247,3.0,-0.20630646448510795,0,0,0,0
-0.09163445860721221,-2.2739614207585,0.0,0.9719980979126005,1.6483517390184688,3.0,-0.17900997170247546,0,0,0,0
-0.6340157520662254,-0.05952342726861902,2.0,0.5643304285537936,0.7455945185033951,1.0,1.9779579318868212,1,0,0,0
1.5355094217698273,-1.5746652122880112,2.0,0.4701075874360206,1.3184981392148842,1.0,0.3718628915749091,1,0,0,0
0.45074683485180095,0.8728715173586992,1.0,0.40287319829670515,0.5372659291537627,2.0,-0.32403035787654516,0,0,0,0
-0.09163445860721221,0.2901246769666253,0.0,-0.5038440918567387,-0.22660556512822283,1.0,2.342115135776455,0,0,0,0
-0.09163445860721221,0.17357530888821052,0.0,2.5529532059138274,1.8045981810306932,1.0,1.6131983885767656,0,0,0,0
1.2643187750403206,-1.6912145803664258,2.0,1.1438719236701462,1.9608446230429175,4.0,-0.3200530055131212,0,0,0,0
1.399914098405074,-0.7588196357391077,2.0,2.6204243358599713,2.672633969987495,1.0,0.44595064028685966,0,0,0,0
-1.0408017221604853,-0.05952342726861902,0.0,-0.49863579410651004,-0.4522948702569913,1.0,0.6993634393074104,0,0,0,0
-1.0408017221604853,0.17357530888821052,0.0,-0.702706369592742,-0.8689520489562561,2.0,-0.7792077408522246,0,0,0,0
-0.2272297819719655,0.40667404504504007,0.0,-0.24887424290236299,0.10324803467536181,1.0,-0.3945709966682306,0,0,0,0
1.399914098405074,1.1059702535155287,2.0,0.009883458961269959,0.08588731889622578,0.0,-0.2903184722192555,0,0,0,0
1.2643187750403206,0.7563221492802844,4.0,0.7343103278567108,0.3636587713624023,1.0,0.9192173277615726,1,0,0,0
0.3151515114870476,-2.04086268460167,0.0,0.9864392871291436,1.700433886355877,3.0,-0.15204811193118883,0,0,0,0
-0.7696110754309786,-0.05952342726861902,0.0,-0.06303270954193127,0.051165887337953714,2.0,-0.5837820622263027,0,0,0,0
2.6202720086878535,1.1059702535155287,10.0,1.4911706872876664,0.5372659291537627,4.0,-0.5499458843076561,0,0,0,0
-0.3628251053367188,-1.2250171080527668,1.0,-0.6885019211830276,-0.6085413122692156,3.0,-0.7308676121275347,0,0,0,0
0.45074683485180095,-0.4091715315038634,1.0,-0.7614180896862288,-0.6259020280483516,1.0,-0.5500606156258318,0,0,0,0
-0.6340157520662254,-1.2250171080527668,1.0,-0.6501499104767984,-0.7300663227231678,1.0,-0.43269047713210296,0,0,0,0
-0.09163445860721221,-0.29262216342544856,0.0,-0.3625098301800792,-0.6085413122692156,1.0,-0.645918631961619,0,1,1,1
-0.4984204287014721,0.057025940809795755,0.0,-0.6328678315783123,-0.6606234596066237,2.0,-0.7710235734890255,0,0,1,0
-1.0408017221604853,0.6397727812018696,0.0,-0.24342920434530574,0.13796946623363388,1.0,-0.5645167617159684,0,0,0,0
-1.0408017221604853,-1.8077639484448407,0.0,-0.4406342964335091,-0.4349341544778553,2.0,-0.7079213484923972,0,0,0,0
-0.7696110754309786,-1.6912145803664258,0.0,-0.6690891750230844,-0.7647877542814399,1.0,-0.5257949418316737,0,0,0,0
-0.7696110754309786,0.2901246769666253,0.0,2.478379851762826,1.8219588968098293,1.0,1.5431549188305078,0,0,0,0
0.3151515114870476,-1.9243133165232553,0.0,0.27479642180244584,1.0407266867487077,0.0,0.3274523104977365,1,0,0,0
-1.0408017221604853,0.5232234131234549,0.0,-1.0703648425975196,-1.2161663645389769,1.0,-0.9148201589358879,0,0,1,0
-0.6340157520662254,0.9894208854371139,1.0,-0.6754811768074559,-0.6779841753857597,3.0,-0.7953561738854527,0,0,0,0
0.45074683485180095,0.8728715173586992,0.0,-0.6229247176915121,-0.6779841753857597,1.0,-0.6204482793266164,0,0,1,0
0.9931281283108141,1.3390689896723582,3.0,0.5922658437595655,0.2942159082458582,2.0,0.5698030982575147,0,0,0,0
-1.0408017221604853,-0.29262216342544856,0.0,-1.0703648425975196,-1.2161663645389769,1.0,-0.9148201589358879,0,0,1,0
-0.2272297819719655,-3.089806997307403,1.0,-0.6461253167607125,-0.8863127647353921,2.0,-0.7763012141251072,0,0,0,0
1.1287234516755673,0.7563221492802844,3.0,1.1147528044302315,0.9712838236321635,2.0,0.8869204616951165,0,0,0,0
-0.09163445860721221,0.7563221492802844,0.0,-0.13168754352221815,-0.07035912311599853,2.0,-0.606498863225089,0,0,0,0
-0.2272297819719655,0.40667404504504007,2.0,-0.04811803871173102,0.3810194871415384,2.0,-0.4015887289633102,0,0,0,0
1.399914098405074,1.455618357750773,3.0,0.6538184535349951,0.3636587713624023,1.0,0.8383317484477126,0,0,0,0
0.04396086475754107,-1.2250171080527668,0.0,-0.8229706994616584,-0.799509185839712,1.0,-0.7539955336831171,0,0,0,0
-1.0408017221604853,-0.8753690038175225,0.0,-0.9200344302613743,-1.0425592067476164,3.0,-0.664084424006103,0,0,1,0
1.2643187750403206,-1.6912145803664258,6.0,-0.18069289053573326,-0.1571627020116787,2.0,-0.17143770470288008,1,0,0,0
-0.905206398795732,0.40667404504504007,0.0,-0.36487723824836493,-0.834230617397984,2.0,3.0244414068536343,0,0,0,0
0.45074683485180095,0.7563221492802844,0.0,-0.6813996969781703,-0.799509185839712,3.0,-0.7203983793440032,0,0,1,0
-0.7696110754309786,0.057025940809795755,0.0,-0.5116565384820817,-0.6432627438274877,2.0,1.3869195463047648,0,0,0,0
-1.0408017221604853,0.40667404504504007,1.0,0.46371558565164905,0.4678230660372185,4.0,-0.6831489447096298,0,0,0,0
0.3151515114870476,-1.108467739974352,0.0,-0.923585542363803,-0.816869901618848,1.0,-0.8594909807456623,0,0,1,1
0.7219374815813074,1.5721677258291877,2.0,-0.3700855359985936,0.06852660311708975,1.0,-0.44740476868813495,0,0,0,0
-1.0408017221604853,0.17357530888821052,0.0,0.36901926292021886,0.06852660311708975,2.0,0.6802511138879771,0,0,0,0
-0.3628251053367188,-0.4091715315038634,1.0,0.5465748680416505,0.3983802029206744,4.0,-0.6961709493225704,0,0,0,0
-1.0408017221604853,-1.108467739974352,0.0,-0.3341009333606501,-0.24396628090735886,2.0,-0.596173044589277,0,0,0,0
-0.905206398795732,-0.9919183718959372,0.0,-0.713359705900028,-0.5911805964900796,3.0,-0.7214978878098535,0,0,0,0
0.3151515114870476,-0.5257208995822781,0.0,-1.0005263045830899,-0.8689520489562561,2.0,-0.8907265821189932,0,0,1,1
-0.09163445860721221,-2.740158893072159,0.0,0.982888175026715,1.5789088759019247,3.0,-0.21524594635963024,0,0,0,0
-0.7696110754309786,0.057025940809795755,0.0,-0.6063528612135118,-0.38285200714044715,2.0,-0.3634979313289818,0,1,1,1
-0.4984204287014721,-0.1760727953470338,0.0,2.534013941367541,1.769876749472421,1.0,1.5717230170562542,0,0,0,0
-0.09163445860721221,-1.108467739974352,0.0,-0.807582547017801,-0.7474270385023039,1.0,-0.6362812012348613,0,0,0,0
1.399914098405074,-0.642270267660693,0.0,-0.9058299818516597,-0.5738198807109435,1.0,-0.8432278163942585,0,1,1,1
-1.0408017221604853,0.057025940809795755,0.0,-1.0703648425975196,-1.2161663645389769,2.0,-0.9148201589358879,0,0,1,0
-1.0408017221604853,0.057025940809795755,0.0,-0.11629939107836074,-0.018276975778590426,2.0,-0.6012977101344577,0,0,0,0
1.6711047451345804,-0.4091715315038634,2.0,2.6630376810891145,2.811519696220583,1.0,0.4621277561496317,0,0,0,0
0.17955618812229435,1.3390689896723582,1.0,-0.4501039287066521,-0.3654912913613111,2.0,1.5839514633851461,0,0,0,0
0.17955618812229435,-2.04086268460167,3.0,-0.6269493114075979,-0.7474270385023039,2.0,-0.6394649953142366,0,1,0,1
-1.0408017221604853,0.17357530888821052,0.0,-0.9489168086944605,-1.1814449329807046,3.0,-0.8376155427468311,0,0,1,0
0.17955618812229435,0.8728715173586992,0.0,-0.10564605477107485,-0.052998407336862494,2.0,-0.544467463864767,0,0,0,0
0.17955618812229435,0.17357530888821052,0.0,-0.0954662000774461,-0.10508055467427059,0.0,-0.47499765070938793,0,0,0,0
-1.0408017221604853,-0.05952342726861902,2.0,0.4613481775833633,0.676151655386851,1.0,1.8455293078825337,1,0,0,0
-0.09163445860721221,-2.04086268460167,2.0,0.03047990915535602,-0.3481305755821751,2.0,1.2038848500418171,0,0,0,0
-0.6340157520662254,0.9894208854371139,1.0,-0.9808768176163182,-1.0772806383058886,2.0,-0.7935109118514604,0,0,0,0
0.04396086475754107,0.057025940809795755,0.0,2.576627286596685,1.9087624757055093,1.0,1.6309243772349094,0,0,0,0
-0.09163445860721221,0.8728715173586992,2.0,-0.32344759705336423,-0.6953448911648957,2.0,3.061384891306206,0,0,0,0
1.5355094217698273,-1.4581158442095963,1.0,1.1592600761140037,1.9955660546011895,4.0,-0.37836519797591467,0,0,0,0
0.45074683485180095,0.8728715173586992,1.0,-0.008582323971358925,0.10324803467536181,2.0,-0.5430142005012083,0,0,0,0
-0.6340157520662254,-0.4091715315038634,0.0,0.9537690557868002,0.6067087922703068,2.0,0.6803276014334277,0,0,0,0
0.04396086475754107,-2.04086268460167,2.0,-0.6565419122611699,-0.7127056069440318,2.0,-0.6641704724947347,0,1,0,1
-1.0408017221604853,0.057025940809795755,0.0,-1.0703648425975196,-1.2161663645389769,4.0,-0.9148201589358879,0,0,0,0
-0.2272297819719655,0.6397727812018696,0.0,-0.09380901442964608,-0.03563769155772646,1.0,-0.5282042995133632,0,0,0,0
0.7219374815813074,0.7563221492802844,1.0,-0.4754351950373097,-0.12244127045340664,2.0,2.066358412541189,0,0,0,0
-0.3628251053367188,0.5232234131234549,0.0,-0.41577651171650865,-0.5738198807109435,1.0,-0.5704541074315602,0,1,1,1
-1.0408017221604853,-2.2739614207585,0.0,-0.6690891750230844,-0.8689520489562561,1.0,-0.5951500236688771,0,0,0,0
-0.4984204287014721,0.17357530888821052,0.0,-0.6056426387930262,-0.5564591649318075,2.0,-0.5552522077732817,0,0,1,0
-1.0408017221604853,0.057025940809795755,0.0,-1.0703648425975196,-1.2161663645389769,1.0,-0.9148201589358879,0,0,1,0
0.04396086475754107,0.17357530888821052,0.0,0.23478722544841663,0.3810194871415384,1.0,-0.26902625175448397,0,1,0,1
1.5355094217698273,1.3390689896723582,0.0,-0.3996781368521655,-0.17452341779081473,3.0,-0.508814706741672,0,1,1,1
-1.0408017221604853,0.17357530888821052,0.0,-0.6264758297939408,-0.5738198807109435,1.0,0.5146173342150089,0,0,0,0
-1.0408017221604853,-1.3415664761311816,0.0,-0.8501958922469446,-0.7300663227231678,1.0,0.6820676930924255,1,0,0,0
0.04396086475754107,0.057025940809795755,0.0,0.20756203266313045,0.27685519246672213,1.0,-0.4429302472792831,0,0,0,0
-0.3628251053367188,0.6397727812018696,2.0,-0.9181405038067457,-1.0425592067476164,4.0,-0.8645391587453926,0,0,0,0
-0.3628251053367188,-1.8077639484448407,2.0,-0.4245359215691659,-0.4002127229195832,2.0,-0.4348608112342597,0,0,0,0
0.9931281283108141,-2.3905107888369144,0.0,1.1164099900780315,1.752516033693285,3.0,-0.12087943716012692,0,0,0,0
0.3151515114870476,0.7563221492802844,2.0,1.6580729561018122,1.5094660127853805,3.0,-0.2798779222652678,1,0,0,0
0.3151515114870476,-0.9919183718959372,0.0,-0.807582547017801,-0.7647877542814399,1.0,-0.8170690758502016,0,0,0,0
0.7219374815813074,-0.9919183718959372,1.0,-0.7507647533789429,-0.6953448911648957,1.0,-0.6670005116764017,0,0,0,0
-1.0408017221604853,-1.8077639484448407,0.0,-0.8371751478713729,-0.9557556278519362,1.0,-0.802957123714592,0,0,0,0
-0.6340157520662254,0.40667404504504007,0.0,-0.9228753199433172,-1.1293627856432966,1.0,-0.8091526148960791,0,0,1,0
-0.09163445860721221,-0.7588196357391077,2.0,-0.7294580807643711,-0.6259020280483516,2.0,0.643537092071757,1,0,0,0
0.17955618812229435,0.6397727812018696,1.0,-0.23466979449264846,0.1553301820127699,2.0,-0.40931397105380646,0,0,0,0
-0.3628251053367188,-0.05952342726861902,0.0,0.22058277703870208,0.32893733980413026,1.0,-0.3174715508541683,0,1,0,1
0.04396086475754107,0.8728715173586992,2.0,0.8065162739394263,1.196973128760932,2.0,2.937628042767364,0,0,0,0
-1.0408017221604853,0.40667404504504007,0.0,-0.6288432378622265,-0.6606234596066237,2.0,1.2877916874009705,0,0,0,0
-0.4984204287014721,0.40667404504504007,0.0,-0.896833831192174,-1.0078377751893444,2.0,-0.6972130921293329,0,0,1,0
1.2643187750403206,0.8728715173586992,2.0,-0.4470262982178806,-0.29604842824476696,3.0,-0.5665149988408618,0,0,0,0
-0.3628251053367188,-0.05952342726861902,0.0,-0.9981588965148042,-1.1120020698641606,2.0,-0.8374912504854741,0,0,1,0
-1.0408017221604853,0.40667404504504007,0.0,-0.7204619301048852,-0.799509185839712,2.0,-0.799935865669299,0,0,0,0
-0.09163445860721221,-1.4581158442095963,1.0,-0.5968832289403688,-0.6606234596066237,2.0,-0.49169105750395053,0,0,0,0
-0.2272297819719655,1.1059702535155287,0.0,-0.8305464052801728,-0.9557556278519362,3.0,-0.7413846496269728,0,1,1,1
0.17955618812229435,-0.05952342726861902,1.0,-0.6376026477148838,-0.3654912913613111,4.0,-0.7319097549342973,0,0,0,0
-1.0408017221604853,-0.9919183718959372,0.0,-0.9472596230466604,-1.1467235014224326,3.0,-0.8228438855317113,0,0,1,0
-1.0408017221604853,0.6397727812018696,0.0,0.6774925342178526,1.0233659709695717,1.0,3.070257446578459,0,0,0,0
0.5863421582165542,0.6397727812018696,2.0,0.10623696734050016,0.190051613571042,2.0,-0.32961394869442856,0,0,0,0
0.3151515114870476,-1.3415664761311816,1.0,-0.7697040179252289,-0.7300663227231678,1.0,-0.708475883196913,0,0,0,0
0.9931281283108141,1.1059702535155287,3.0,1.0875276116449453,0.9886445394112996,2.0,0.9546884269642227,0,0,0,0
0.04396086475754107,0.6397727812018696,3.0,-0.19560756136593352,-0.5738198807109435,2.0,3.225603651388341,0,0,0,0
1.1287234516755673,-0.4091715315038634,0.0,-0.8324403317348014,-0.6779841753857597,2.0,-0.7055502345834329,0,0,1,1
-0.09163445860721221,-2.3905107888369144,3.0,0.06835843824792809,-0.313409144023903,2.0,1.3998459414858924,0,0,0,0
-0.7696110754309786,0.7563221492802844,0.0,-0.875053676963945,-0.8689520489562561,2.0,-0.5059942285031862,0,0,1,0
-0.905206398795732,0.5232234131234549,0.0,0.28568649891656034,0.43310163447894645,2.0,-0.22467303633639926,0,0,0,0
0.5863421582165542,0.5232234131234549,1.0,-0.3483053817703647,-0.4522948702569913,2.0,-0.5710851296815266,0,0,0,0
-1.0408017221604853,-0.29262216342544856,0.0,-1.0703648425975196,-1.2161663645389769,3.0,-0.9148201589358879,0,1,1,1
0.17955618812229435,0.5232234131234549,0.0,-0.5677641097004541,-0.38285200714044715,2.0,-0.748765697762942,0,0,1,0
-1.0408017221604853,0.6397727812018696,0.0,-0.9590966633880893,-1.0599199225267524,1.0,-0.8736029328812719,0,0,1,0
-1.0408017221604853,-1.9243133165232553,0.0,-0.6832936234327989,-0.816869901618848,1.0,-0.574240240931358,0,0,0,0
-1.0408017221604853,-0.1760727953470338,0.0,-0.19016252280887627,0.10324803467536181,1.0,-0.5883521930669676,0,0,0,0
1.1287234516755673,-1.8077639484448407,1.0,0.443119135457563,1.231694560319204,1.0,0.3788328191540821,1,0,0,0
1.6711047451345804,1.3390689896723582,4.0,1.1597335577276608,1.0928088340861157,2.0,1.0320173354146365,0,0,0,0
-1.0408017221604853,-1.5746652122880112,0.0,-0.3684283503507936,-0.330769859803039,2.0,-0.6841337218573045,0,0,0,0
0.9931281283108141,0.9894208854371139,3.0,1.7302789021845275,1.6136303074601968,3.0,-0.2315473544837593,0,0,0,0
-1.0408017221604853,0.40667404504504007,0.0,-0.2157305299463624,-0.052998407336862494,2.0,-0.6335754543145512,0,0,0,0
-1.0408017221604853,-1.6912145803664258,0.0,-0.8111336591202296,-0.9383949120728002,1.0,-0.7589863460237596,0,0,0,0
1.8067000684993337,0.40667404504504007,8.0,1.4000254766586648,0.3983802029206744,4.0,-0.6099790465430849,0,0,0,0
0.45074683485180095,0.9894208854371139,1.0,-0.4707003789007382,-0.13980198623254267,2.0,2.106055448629977,0,0,0,0
-1.0408017221604853,-0.29262216342544856,0.0,0.2956296128033605,0.17269089779190594,3.0,-0.6351625708826484,0,0,0,0
2.07789071522884,0.5232234131234549,0.0,-0.854930708383516,-0.330769859803039,1.0,-0.6256111886445223,0,1,1,1
-1.0408017221604853,0.5232234131234549,0.0,-1.0703648425975196,-1.2161663645389769,1.0,-0.9148201589358879,0,0,1,0
0.04396086475754107,0.8728715173586992,2.0,-0.8352812214167443,-0.9383949120728002,3.0,-0.7661952971824653,0,1,0,1
0.04396086475754107,0.6397727812018696,0.0,-0.0358075167566451,0.016444455779681642,2.0,-0.5368951968651716,0,0,0,0
1.399914098405074,0.057025940809795755,2.0,2.3990716814752533,2.4469446648587265,2.0,0.4975988553522818,0,0,0,0
0.04396086475754107,0.40667404504504007,0.0,0.49283470489156384,-0.018276975778590426,1.0,0.3132638708166765,0,0,0,0
-0.3628251053367188,0.2901246769666253,0.0,2.147652944623306,1.5789088759019247,2.0,0.13718954118972057,0,0,0,0
-0.2272297819719655,0.5232234131234549,0.0,-0.6489662064426555,-0.3654912913613111,2.0,-0.4995692746853478,0,0,1,0
-1.0408017221604853,0.17357530888821052,0.0,-1.0703648425975196,-1.2161663645389769,1.0,-0.9148201589358879,0,0,1,0
-0.3628251053367188,-1.4581158442095963,1.0,-0.6418639822377982,-0.6779841753857597,2.0,-0.5751389695904009,0,0,0,0
-0.6340157520662254,0.40667404504504007,1.0,0.47507914437942067,0.08588731889622578,1.0,0.7978029103021508,0,0,0,0
-1.0408017221604853,-0.4091715315038634,0.0,-1.0703648425975196,-1.2161663645389769,1.0,-0.9148201589358879,0,0,1,0
0.5863421582165542,0.5232234131234549,1.0,-0.24413942676579148,-0.10508055467427059,1.0,0.9656835116227261,0,0,0,0
-1.0408017221604853,-2.5070601569153292,0.0,-0.7412951211057999,-0.9731163436310724,1.0,-0.6821450456755925,0,0,0,0
-1.0408017221604853,0.40667404504504007,1.0,-0.9903464498894612,-1.1467235014224326,4.0,-0.8935374994142977,0,0,0,0
0.04396086475754107,0.17357530888821052,0.0,-0.5594781814614539,-0.313409144023903,2.0,-0.7457826834903742,0,0,1,0
1.2643187750403206,0.8728715173586992,3.0,0.17844291342321567,0.2942159082458582,2.0,-0.2522850402440148,0,0,0,0
0.17955618812229435,0.5232234131234549,0.0,2.5955665511429706,1.9434839072637815,1.0,1.7240288419344802,0,0,0,0
-0.3628251053367188,-0.642270267660693,1.0,-0.2926712921656494,-0.10508055467427059,2.0,-0.5592295601367054,0,0,0,0
-0.3628251053367188,-0.05952342726861902,0.0,-0.267813507448649,0.06852660311708975,1.0,-0.48767546136780143,0,0,0,0
-1.0408017221604853,-2.8567082611505734,1.0,-0.5287018765737391,-0.7127056069440318,2.0,-0.6687597252217623,0,0,0,0
-1.0408017221604853,0.7563221492802844,0.0,-1.0703648425975196,-1.2161663645389769,1.0,-0.9148201589358879,0,0,1,0
-0.3628251053367188,0.9894208854371139,0.0,-0.4612307466275951,-0.07035912311599853,0.0,-0.5005540518330224,0,0,0,0
-1.0408017221604853,-2.9732576292289883,0.0,-0.732298970446314,-0.9383949120728002,2.0,-0.8043721433054255,0,0,0,0
0.04396086475754107,1.3390689896723582,1.0,-0.4422914820813091,-0.03563769155772646,1.0,-0.5343997906948503,0,0,0,0
-1.0408017221604853,0.17357530888821052,0.0,-0.7476871228901714,-0.8863127647353921,2.0,-0.809114371123354,0,0,0,0
-0.7696110754309786,-2.623609524993744,2.0,-0.0038475078347874163,-0.4175734386987192,2.0,1.3225170330354785,0,0,0,0
-0.09163445860721221,0.6397727812018696,4.0,0.5974741415097942,0.8323980973990752,1.0,2.1195076956860768,1,1,0,0
-1.0408017221604853,0.5232234131234549,0.0,-1.011653122504033,-1.0772806383058886,2.0,-0.6504792018591027,0,0,1,0
0.7219374815813074,0.8728715173586992,1.0,0.0363984293260704,0.12060875045449784,2.0,-0.45956628841475783,0,0,0,0
0.7219374815813074,-0.05952342726861902,6.0,1.313615082166235,0.2421337609084501,3.0,-0.4294110736209145,0,0,0,0
-0.2272297819719655,1.455618357750773,0.0,-0.9039360553970311,-0.9904770594102084,2.0,-0.6764849673122586,0,0,1,0
0.5863421582165542,0.5232234131234549,3.0,0.6621043817739952,0.25949447668758613,1.0,0.8322223057548572,0,0,0,0
-1.0408017221604853,0.17357530888821052,0.0,0.2281584828572165,-0.018276975778590426,2.0,0.687899868433023,0,0,0,0
-1.0408017221604853,0.2901246769666253,0.0,-0.5779439643940828,-1.0425592067476164,2.0,2.6946271108712563,0,0,0,0
0.3151515114870476,0.9894208854371139,0.0,-0.5002929797543101,-0.10508055467427059,2.0,2.081349971449479,0,0,0,0
1.5355094217698273,-1.5746652122880112,5.0,-0.15488814259141853,-0.13980198623254267,2.0,-0.2624578837889258,0,0,0,0
1.399914098405074,1.2225196215939436,3.0,1.1490802214203748,1.0580874025278437,2.0,1.028422420778465,0,0,0,0
-1.0408017221604853,-0.05952342726861902,0.0,-1.0703648425975196,-1.2161663645389769,1.0,-0.9148201589358879,0,0,1,0
-1.0408017221604853,0.2901246769666253,0.0,-1.0703648425975196,-1.2161663645389769,4.0,-0.9148201589358879,0,0,0,0
-0.905206398795732,-0.1760727953470338,1.0,0.47910373809550644,0.5893480764911708,1.0,1.6536411782336953,1,0,0,0
-1.0408017221604853,0.5232234131234549,0.0,-1.0703648425975196,-1.2161663645389769,1.0,-0.9148201589358879,0,0,1,0
0.5863421582165542,-1.9243133165232553,1.0,1.0716659775874307,1.8566803283681013,4.0,-0.3490513461820264,0,0,0,0
-0.2272297819719655,0.5232234131234549,0.0,0.3034420594287035,0.32893733980413026,1.0,-0.4078224639175226,0,0,0,0
0.17955618812229435,0.057025940809795755,0.0,-0.17666829681964746,0.10324803467536181,1.0,-0.37693105649871855,0,0,0,0
-0.3628251053367188,-0.05952342726861902,1.0,-0.34475426966793604,-0.7647877542814399,2.0,-0.6248558741331991,0,0,0,0
-0.6340157520662254,0.40667404504504007,1.0,-0.44181800046765196,-0.46965558603612734,2.0,1.5785208476581638,0,0,0,0
0.7219374815813074,0.9894208854371139,1.0,-0.2974061083022209,-0.052998407336862494,1.0,1.0326292357782403,0,0,0,0
-1.0408017221604853,0.6397727812018696,0.0,-0.7483973453106572,-0.4522948702569913,2.0,-0.5091302178666551,0,0,1,0
-0.4984204287014721,-0.1760727953470338,1.0,-0.7697040179252289,-0.5217377333735355,1.0,0.9274779826702223,1,0,0,0
0.3151515114870476,0.8728715173586992,0.0,-0.6103774549295976,-0.3481305755821751,2.0,-0.7088391990378026,0,0,1,0
0.8575328049460608,0.8728715173586992,2.0,0.3259324360774182,0.5199052133746266,1.0,-0.08892676504819774,0,0,0,0
-1.0408017221604853,-1.6912145803664258,0.0,-1.0703648425975196,-1.2161663645389769,3.0,-0.9148201589358879,0,0,1,0
-0.3628251053367188,-2.740158893072159,1.0,0.02692879705292739,-0.46965558603612734,2.0,1.1027683149563106,0,0,0,0
-0.4984204287014721,0.2901246769666253,0.0,1.629664059282383,1.4053017181105645,2.0,0.014962443559887711,0,0,0,0
0.7219374815813074,-1.2250171080527668,0.0,-0.7081514081497993,-0.6606234596066237,1.0,-0.6255251401558906,0,0,0,0
-1.0408017221604853,0.40667404504504007,0.0,-1.0703648425975196,-1.2161663645389769,2.0,-0.9148201589358879,0,0,1,0
0.45074683485180095,0.8728715173586992,0.0,-0.6880284395693704,-0.6953448911648957,2.0,-0.47539921032300275,0,0,1,0
-0.4984204287014721,0.5232234131234549,0.0,-0.24461290837944863,-0.2613269966864949,0.0,-0.5422015203307972,0,0,0,0
-0.2272297819719655,-0.8753690038175225,0.0,-0.9768522239002324,-0.8863127647353921,1.0,-0.8533815380528069,0,0,1,0
0.3151515114870476,1.3390689896723582,3.0,0.5406563478709361,0.4851837818163546,3.0,0.3760505846883218,0,0,0,0
-0.7696110754309786,-1.108467739974352,0.0,-0.741768602719457,-0.6779841753857597,3.0,-0.7561563068420926,0,0,0,0
-1.0408017221604853,-0.5257208995822781,0.0,-1.0703648425975196,-1.2161663645389769,1.0,-0.9148201589358879,0,0,1,0
3.0270579787821132,0.2901246769666253,0.0,-0.7270906726960853,-0.27868771246563095,2.0,-0.5550227451369303,0,1,1,1
-0.09163445860721221,-1.4581158442095963,1.0,-0.5968832289403688,-0.6606234596066237,2.0,-0.49169105750395053,0,0,0,0
-0.3628251053367188,-0.1760727953470338,2.0,-0.740111417071657,-0.5564591649318075,1.0,0.9552716444982826,1,0,0,0
-1.0408017221604853,0.2901246769666253,0.0,-0.27609943568764916,-0.27868771246563095,1.0,-0.6214808611901976,0,0,0,0
-0.6340157520662254,-0.1760727953470338,0.0,2.5044213405139693,1.8045981810306932,1.0,1.5439293552281936,0,0,0,0
1.399914098405074,1.5721677258291877,2.0,0.09795103910150002,0.2942159082458582,2.0,-0.324183332967446,0,0,0,0
-0.09163445860721221,0.5232234131234549,0.0,2.5375650534699696,1.8914017599263733,1.0,1.685479119027449,0,0,0,0
0.5863421582165542,1.2225196215939436,2.0,1.7054211174675271,1.6309910232393328,3.0,-0.22217763016607803,0,0,0,0
-0.3628251053367188,0.7563221492802844,0.0,-0.7910106905398007,-0.8689520489562561,1.0,-0.7513280305355324,0,0,1,0
-0.3628251053367188,1.455618357750773,0.0,-0.9335286562506031,-0.9557556278519362,2.0,-0.7011904444927567,0,0,1,0
-0.7696110754309786,0.8728715173586992,0.0,-1.0277514973683761,-1.0772806383058886,1.0,-0.8039897055781733,0,0,1,0
0.04396086475754107,0.7563221492802844,0.0,-0.36961205438493644,-0.1571627020116787,1.0,0.9456342137715249,0,0,0,0
-0.3628251053367188,0.2901246769666253,3.0,0.4826548501979351,0.710873086945123,1.0,1.8362360711103027,1,0,0,0
-0.3628251053367188,0.6397727812018696,0.0,0.49046729682327805,0.12060875045449784,1.0,0.6228663329137705,0,0,0,0
0.17955618812229435,1.2225196215939436,2.0,-0.0014800997665016622,0.32893733980413026,2.0,-0.4861839542315175,0,0,0,0
-1.0408017221604853,0.17357530888821052,0.0,-0.7299315623780283,-0.46965558603612734,1.0,2.0264032309865057,0,0,0,0
-0.09163445860721221,0.9894208854371139,2.0,-0.8755271585776021,-0.9036734805145282,4.0,-0.827595674292821,0,0,0,0
0.45074683485180095,-2.5070601569153292,0.0,1.0255015202558586,1.717794602135013,3.0,-0.18235630181593301,0,0,0,0
-0.7696110754309786,0.6397727812018696,0.0,-0.4654920811505095,-0.3654912913613111,1.0,0.8409132031066655,0,0,0,0
-0.3628251053367188,-0.05952342726861902,0.0,-0.9981588965148042,-1.1120020698641606,3.0,-0.8664895911543793,0,0,1,0
-0.905206398795732,-2.740158893072159,1.0,-0.7760960197096004,-0.9383949120728002,2.0,-0.8185223392137604,0,1,0,1
0.3151515114870476,1.1059702535155287,2.0,-0.8158684752568012,-0.816869901618848,2.0,-0.6396179704051376,0,0,0,0
0.17955618812229435,0.2901246769666253,0.0,-0.3625098301800792,-0.5043770175943993,2.0,-0.6141476177701348,0,1,1,1
0.3151515114870476,-2.157412052680085,2.0,-0.6032752307247404,-0.6432627438274877,2.0,-0.6237085609514421,0,0,0,0
0.45074683485180095,0.8728715173586992,1.0,0.40287319829670515,0.5372659291537627,2.0,-0.32403035787654516,0,0,0,0
1.2643187750403206,-1.8077639484448407,1.0,1.1164099900780315,1.8566803283681013,4.0,-0.41533736525803017,0,0,0,0
-1.0408017221604853,-1.2250171080527668,0.0,-0.34948908580450755,-0.29604842824476696,2.0,-0.6778617431303668,0,0,0,0
0.8575328049460608,0.8728715173586992,2.0,-0.1494431040343613,0.2942159082458582,2.0,-0.38116655432803775,0,0,0,0
0.17955618812229435,0.6397727812018696,1.0,2.622791743928257,2.0476482019385975,1.0,2.009795872680575,0,0,0,0
-0.3628251053367188,-1.108467739974352,0.0,-0.8525633003152303,-0.7647877542814399,1.0,-0.730160102332118,0,0,0,0
0.45074683485180095,0.2901246769666253,0.0,-0.31752907688264986,-0.48701630181526334,2.0,-0.5306997056836844,0,1,1,1
-0.09163445860721221,0.5232234131234549,1.0,-0.5073952039591674,-0.5911805964900796,3.0,-0.761175802012279,0,0,0,0
0.5863421582165542,0.9894208854371139,3.0,0.09795103910150002,0.43310163447894645,3.0,-0.47836310270920807,0,0,0,0
-0.4984204287014721,0.9894208854371139,1.0,-0.07368604584921716,0.22477304512931406,2.0,-0.5635128626819311,0,0,0,0
0.17955618812229435,-1.4581158442095963,1.0,-0.5519024756429395,-0.6432627438274877,2.0,-0.40824314541750006,0,0,0,0
-0.7696110754309786,0.6397727812018696,1.0,-0.37908168665807945,-0.799509185839712,2.0,-0.6131532796792789,0,0,0,0
0.45074683485180095,0.7563221492802844,2.0,-0.1494431040343613,0.31157662402499425,2.0,-0.1210324122510278,0,0,0,0
0.3151515114870476,0.5232234131234549,1.0,0.578061395349851,0.13796946623363388,1.0,0.6375806244698026,0,0,0,0
-1.0408017221604853,0.40667404504504007,0.0,-0.7259069686619425,-0.816869901618848,2.0,1.1639583513166776,0,0,0,0
1.399914098405074,0.9894208854371139,2.0,2.4305582087834536,2.0129267703803255,2.0,0.34523566481496826,0,0,0,0
1.1287234516755673,-0.1760727953470338,2.0,-0.6892121436035132,-0.5217377333735355,1.0,-0.4630655936191163,0,0,0,0
-1.0408017221604853,-0.1760727953470338,0.0,2.1180603437697343,1.5094660127853805,2.0,0.12732264782661146,0,0,0,0
0.04396086475754107,0.7563221492802844,0.0,-0.7341928969009426,-0.782148470060576,2.0,-0.6436718103140119,0,0,1,0
-0.3628251053367188,0.7563221492802844,0.0,-0.9981588965148042,-1.1120020698641606,1.0,-0.8278251369291724,0,0,1,0
-0.905206398795732,-3.089806997307403,1.0,-0.760707867265743,-1.0251984909684804,2.0,-0.8139330864867329,0,0,0,0
-0.4984204287014721,0.17357530888821052,3.0,0.5205333792905071,0.7455945185033951,1.0,1.9878535080794744,1,0,0,0
-0.3628251053367188,0.9894208854371139,0.0,-0.1080134628393606,0.016444455779681642,2.0,-0.5525751436825156,0,0,0,0
-1.0408017221604853,0.5232234131234549,0.0,-0.8944664231238881,-0.9904770594102084,3.0,-0.6826804584937458,0,0,1,0
1.399914098405074,-0.05952342726861902,0.0,-0.7898269865056579,-0.5390984491526715,2.0,-0.6070342760432421,0,0,1,0
-0.6340157520662254,0.40667404504504007,0.0,-0.1080134628393606,-0.08771983889513456,1.0,-0.5594399008866943,0,0,0,0
0.17955618812229435,0.9894208854371139,3.0,-0.23822090659507708,-0.5390984491526715,3.0,1.7504839717171572,0,0,0,0
-1.0408017221604853,0.2901246769666253,0.0,-0.42761355205793744,-0.799509185839712,2.0,-0.674725753766898,0,0,0,0
1.1287234516755673,0.9894208854371139,3.0,0.6064702921692801,0.2421337609084501,1.0,0.734471222669171,0,0,0,0
-0.09163445860721221,-0.05952342726861902,0.0,2.5955665511429706,1.8393196125889653,1.0,1.6546737600972763,0,0,0,0
-0.3628251053367188,-2.8567082611505734,2.0,-0.0014800997665016622,-0.5564591649318075,2.0,1.047314844504728,0,0,0,0
0.17955618812229435,0.5232234131234549,0.0,0.9454831275478001,0.710873086945123,2.0,0.6857582171604101,0,0,0,0
1.2643187750403206,-1.9243133165232553,1.0,0.5387624214163075,1.3184981392148842,0.0,0.7198429796017708,1,0,0,0
-0.3628251053367188,1.2225196215939436,0.0,-0.8016640268470866,-0.799509185839712,1.0,-0.6860172276640221,0,0,1,0
0.7219374815813074,-1.5746652122880112,1.0,1.0633800493484307,1.7872374652515572,4.0,-0.4132722015308677,0,0,0,0
1.399914098405074,0.17357530888821052,0.0,-0.8324403317348014,-0.5738198807109435,2.0,-0.6439012729503633,0,0,1,0
-0.09163445860721221,-0.4091715315038634,2.0,-0.7448462332082285,-0.5390984491526715,2.0,0.7077866302501422,1,0,0,0
2.7558673320526066,-0.5257208995822781,3.0,2.8074495732545457,2.9156839908953995,1.0,0.5151336251467994,0,0,0,0
-0.7696110754309786,1.1059702535155287,0.0,-0.912932206056517,-0.9036734805145282,2.0,-0.7019553199472613,0,0,1,0
-0.4984204287014721,0.40667404504504007,1.0,-0.3707957584190793,-0.7474270385023039,2.0,-0.6867342984026201,0,0,0,0
-0.7696110754309786,0.40667404504504007,0.0,-0.9938975619918898,-1.1640842172015686,2.0,-0.8210464282136255,0,0,1,0
1.5355094217698273,0.5232234131234549,2.0,2.3458049999388235,2.4990268121961345,2.0,0.42707733844695894,0,0,0,0
-0.09163445860721221,0.40667404504504007,0.0,-0.5784174460077399,-0.46965558603612734,2.0,-0.5613712114093182,0,0,1,0
-0.4984204287014721,0.2901246769666253,0.0,0.28805390698484606,0.2942159082458582,2.0,-0.46928020668696613,0,0,0,0
0.45074683485180095,-0.642270267660693,0.0,-0.9046462778175169,-0.782148470060576,1.0,-0.7663865160460914,0,0,1,1
-1.0408017221604853,0.5232234131234549,2.0,-0.9631212571041751,-1.0425592067476164,4.0,-0.7982818224989328,0,0,0,0
2.4846766853231004,0.5232234131234549,8.0,1.4450062299560942,0.3983802029206744,3.0,-0.3689859127150522,0,0,0,0
-0.905206398795732,0.17357530888821052,0.0,-0.3980209512043655,-0.834230617397984,2.0,-0.6959128038566751,0,0,0,0
1.2643187750403206,1.5721677258291877,2.0,2.3240248457105945,1.9955660546011895,2.0,0.3642810636321323,0,0,0,0
0.5863421582165542,0.7563221492802844,0.0,2.235247043149879,1.717794602135013,2.0,0.219643115185315,0,0,0,0
0.17955618812229435,-2.04086268460167,3.0,-0.2993000347568495,-0.3481305755821751,2.0,-0.41711570068975334,0,0,0,0
-0.4984204287014721,0.2901246769666253,0.0,2.523360605060255,1.8393196125889653,1.0,1.6370338199277645,0,0,0,0
0.5863421582165542,1.1059702535155287,3.0,-0.2512416509706487,-0.5911805964900796,3.0,1.6186385652469295,0,0,0,0
-1.0408017221604853,-1.5746652122880112,0.0,-0.771361203573029,-0.7474270385023039,3.0,-0.7814450015566505,0,0,0,0
-0.6340157520662254,-0.1760727953470338,0.0,0.45850728790142037,-0.08771983889513456,1.0,0.4467250766845455,0,0,0,0
-0.2272297819719655,0.40667404504504007,0.0,-0.3921024310336511,-0.46965558603612734,1.0,-0.5527281187734164,0,1,1,1
-0.3628251053367188,-0.29262216342544856,1.0,-0.3873676148970796,-0.9036734805145282,2.0,-0.6392355326778852,0,0,0,0
-0.7696110754309786,0.5232234131234549,1.0,-0.046460853063930996,0.22477304512931406,2.0,-0.37114668587402766,0,0,0,0
1.5355094217698273,0.057025940809795755,8.0,1.3574121314295213,0.25949447668758613,4.0,-0.6182397014517343,0,0,0,0
1.942295391864087,0.7563221492802844,2.0,2.4842983719335403,2.724716117324903,2.0,0.6946307724326632,0,0,0,0
-0.3628251053367188,0.8728715173586992,1.0,-0.8880744213395166,-0.9210341962936642,2.0,-0.7169468788555512,0,0,0,0
0.04396086475754107,-0.1760727953470338,2.0,-0.2157305299463624,-0.018276975778590426,2.0,-0.44220361559750376,0,0,0,0
-1.0408017221604853,0.40667404504504007,0.0,-1.0703648425975196,-1.2161663645389769,1.0,-0.6996989373564728,0,0,1,0
-0.3628251053367188,0.8728715173586992,0.0,-0.5814950764965114,-0.6085413122692156,2.0,1.318616168217505,0,0,0,0
-1.0408017221604853,0.40667404504504007,0.0,-0.9216916159091744,-1.0946413540850246,3.0,-0.8414399200193541,0,1,1,1
-0.3628251053367188,0.7563221492802844,0.0,-0.9394471764213175,-0.9731163436310724,2.0,-0.573150293408689,0,0,1,0
-0.3628251053367188,0.40667404504504007,0.0,-0.6754811768074559,-0.6259020280483516,2.0,-0.6852045474936109,0,0,1,0
0.5863421582165542,1.1059702535155287,2.0,-0.3210801889850785,-0.1571627020116787,1.0,1.0149032471200963,0,0,0,0
1.2643187750403206,0.5232234131234549,4.0,1.2295720957420906,1.0580874025278437,2.0,1.100320713501896,1,0,0,0
0.5863421582165542,0.9894208854371139,2.0,2.2896974287204515,1.9261231914846455,2.0,0.4829132466257939,0,0,0,0
-0.09163445860721221,1.5721677258291877,0.0,-0.9228753199433172,-0.9210341962936642,2.0,-0.6975955298565851,0,0,1,0
1.2643187750403206,1.2225196215939436,1.0,0.03829235578069901,0.17269089779190594,0.0,-0.2140699503483295,0,0,0,0
-0.09163445860721221,1.3390689896723582,0.0,-0.9981588965148042,-1.0078377751893444,2.0,-0.7758422888524044,0,0,1,0
1.1287234516755673,0.8728715173586992,2.0,-0.10446235073693197,0.31157662402499425,2.0,-0.2977186422415873,0,0,0,0
1.399914098405074,0.7563221492802844,3.0,0.4064243103991338,0.693512371165987,2.0,0.06789182501160501,0,0,0,0
-0.905206398795732,0.9894208854371139,0.0,-0.8442773720762302,-0.9383949120728002,1.0,-0.745218587842677,0,0,1,0
0.3151515114870476,0.17357530888821052,0.0,0.29278872312141757,0.43310163447894645,1.0,-0.23047652884745287,0,0,0,0
0.45074683485180095,-1.4581158442095963,3.0,-0.4548387448432236,-0.48701630181526334,2.0,-0.2844098093332075,0,0,0,0
-0.7696110754309786,0.40667404504504007,1.0,-0.9453656965920318,-1.1293627856432966,4.0,-0.8622445323818788,0,0,0,0
-0.3628251053367188,0.17357530888821052,1.0,-0.6222144952710265,-0.7127056069440318,3.0,-0.7894761938289486,0,0,0,0
2.07789071522884,0.17357530888821052,0.0,-0.817052179290944,-0.29604842824476696,2.0,-0.4617844272328212,0,1,1,1
-1.0408017221604853,-3.206356365385818,0.0,-0.11748309511250363,-0.6779841753857597,2.0,0.9481104980554834,0,0,0,0
-1.0408017221604853,-0.9919183718959372,0.0,-0.771361203573029,-0.6432627438274877,3.0,-0.742914400535982,0,0,0,0
-1.0408017221604853,-0.29262216342544856,0.0,-0.13523865562464676,-0.052998407336862494,2.0,-0.6075696888613954,0,0,0,0
1.5355094217698273,1.455618357750773,2.0,2.7293251070011157,2.221255359729958,1.0,1.9633296888194214,0,0,0,0
0.8575328049460608,0.8728715173586992,0.0,-0.4683329708324524,-0.17452341779081473,2.0,-0.6009917599526559,0,0,1,0
1.2643187750403206,-0.642270267660693,0.0,-0.9354225827052317,-0.5390984491526715,1.0,-0.8624166293591424,0,0,1,1
0.8575328049460608,0.7563221492802844,0.0,-0.4955581636177386,-0.27868771246563095,2.0,-0.6714367893125284,0,1,1,1
0.45074683485180095,-2.04086268460167,0.0,0.3706764485680189,1.1275302656443877,0.0,0.5598788392353179,1,0,0,0
-0.6340157520662254,0.40667404504504007,0.0,0.3034420594287035,0.3462980555832663,1.0,-0.3302927756603014,0,0,0,0
0.3151515114870476,0.17357530888821052,1.0,1.716074453774813,1.4573838654479725,2.0,0.07370487846584002,0,0,0,0
0.17955618812229435,1.2225196215939436,0.0,-0.787459578437372,-0.7300663227231678,2.0,-0.5841644999535551,0,0,1,0
-1.0408017221604853,-0.05952342726861902,0.0,0.367835558886076,0.27685519246672213,3.0,-0.6202953042357154,0,0,0,0
0.3151515114870476,0.7563221492802844,0.0,-0.3435705656337932,-0.46965558603612734,2.0,-0.5313880935927385,0,0,1,0
-0.7696110754309786,-1.5746652122880112,1.0,-0.6418639822377982,-0.6606234596066237,2.0,-0.315004827513391,0,0,0,0
-1.0408017221604853,0.40667404504504007,0.0,-0.5519024756429395,-1.0251984909684804,2.0,2.7337122465964407,0,0,0,0
-1.0408017221604853,-0.1760727953470338,0.0,0.46371558565164905,0.3636587713624023,3.0,-0.5672320695794598,0,0,0,0
-0.09163445860721221,1.3390689896723582,0.0,-0.8802619747141737,-0.8863127647353921,2.0,-0.6607285329494641,0,0,1,0
-1.0408017221604853,0.7563221492802844,0.0,-0.9950812660260328,-1.1293627856432966,1.0,-0.8267925550655912,0,0,1,0
0.04396086475754107,0.8728715173586992,1.0,-0.4316381457740232,-0.10508055467427059,1.0,-0.5997105935663608,0,0,0,0
-0.7696110754309786,1.3390689896723582,0.0,-0.9950812660260328,-1.0251984909684804,2.0,-0.774924438306999,0,0,1,0
2.07789071522884,-0.5257208995822781,3.0,2.692630281942687,2.776798264662311,1.0,0.4727117202513389,0,0,0,0
-0.2272297819719655,0.2901246769666253,2.0,0.5501259801440791,0.5199052133746266,4.0,-0.6611205316198977,0,0,0,0
3.162653302146867,1.3390689896723582,5.0,2.605036183416114,2.828880411999719,2.0,0.8335321549706964,0,0,0,0
-0.4984204287014721,-2.5070601569153292,0.0,0.9580303903097145,1.5962695916810608,3.0,-0.20587622204194908,0,0,0,0
-1.0408017221604853,-1.108467739974352,0.0,-0.37908168665807945,-0.2613269966864949,2.0,-0.6796209566757274,0,0,0,0
-1.0408017221604853,0.17357530888821052,0.0,-0.9058299818516597,-1.1120020698641606,1.0,-0.8545001684050199,0,0,1,0
0.9931281283108141,0.9894208854371139,2.0,-0.27136461955107766,-0.24396628090735886,3.0,0.6833392985355393,0,0,0,0
1.6711047451345804,-1.8077639484448407,3.0,0.5851636195547082,1.4053017181105645,1.0,0.612024223346168,1,0,0,0
-0.4984204287014721,0.2901246769666253,0.0,-0.5784174460077399,-0.4522948702569913,2.0,-0.3012370693323084,0,0,1,0
-1.0408017221604853,0.2901246769666253,0.0,-0.5803113724623685,-0.48701630181526334,1.0,0.5576415785308918,0,0,0,0
0.17955618812229435,-0.1760727953470338,3.0,0.6507408230462236,0.7976766658408032,1.0,2.0440431711560176,1,0,0,0
0.17955618812229435,0.8728715173586992,1.0,1.686481852921241,1.5962695916810608,3.0,-0.24521950323302874,0,0,0,0
0.9931281283108141,-1.6912145803664258,1.0,0.34700236788516137,1.144890981423524,1.0,0.18857961078924748,1,0,0,0
-1.0408017221604853,-2.04086268460167,0.0,-0.768520313891086,-0.9731163436310724,1.0,-0.8039036570895415,0,0,0,0
0.5863421582165542,-0.7588196357391077,0.0,-0.8087662510519439,-0.6953448911648957,1.0,-0.7225017868438909,0,0,1,1
-1.0408017221604853,0.057025940809795755,0.0,-0.7933780986080865,-0.5738198807109435,2.0,-0.6542270915861752,0,0,1,0
0.3151515114870476,0.17357530888821052,0.0,-0.26662980341450615,-0.4175734386987192,2.0,-0.5751389695904009,0,0,1,0
-0.09163445860721221,-0.1760727953470338,0.0,-1.0585278022560909,-1.1814449329807046,1.0,-0.910345637527036,0,0,1,1
2.2134860385935937,-1.3415664761311816,3.0,0.529529529949993,1.3879410023314283,1.0,0.5142731402604819,1,0,0,0
-0.2272297819719655,-0.05952342726861902,2.0,-0.759050681617943,-0.48701630181526334,2.0,0.7263731037946036,1,1,0,0
-0.2272297819719655,-0.642270267660693,0.0,-0.8336240357689443,-0.7300663227231678,1.0,-0.6370556376325472,0,0,0,0
-0.2272297819719655,0.8728715173586992,0.0,2.523360605060255,1.9434839072637815,1.0,1.7063889017649678,0,0,0,0
-1.0408017221604853,-0.9919183718959372,0.0,-0.8892581253736596,-1.0946413540850246,3.0,-0.8014273728055828,0,1,1,1
-1.0408017221604853,0.8728715173586992,0.0,-0.5649232200185111,-0.6085413122692156,2.0,1.4539991236648169,0,0,0,0
-0.2272297819719655,0.17357530888821052,0.0,-0.5606618854955968,-0.5390984491526715,2.0,-0.47180429568683124,0,1,1,1
-1.0408017221604853,-0.5257208995822781,0.0,0.4211022404225055,0.22477304512931406,3.0,-0.6096826573044644,0,0,0,0
-0.4984204287014721,0.17357530888821052,0.0,-0.5803113724623685,-0.3654912913613111,2.0,-0.4544416228695771,0,0,1,0
-0.3628251053367188,-0.7588196357391077,1.0,-0.6631706548523699,-0.5043770175943993,1.0,0.9060519090009125,1,0,0,0
-1.0408017221604853,0.40667404504504007,0.0,-1.0703648425975196,-1.2161663645389769,4.0,-0.9148201589358879,0,0,0,0
-0.3628251053367188,-2.04086268460167,0.0,-0.5968832289403688,-0.7647877542814399,1.0,-0.5081550016621618,0,0,0,0
-0.3628251053367188,-1.6912145803664258,1.0,-0.6110876773500834,-0.7127056069440318,1.0,-0.4872452189246426,0,0,0,0
-0.3628251053367188,0.6397727812018696,0.0,-0.4588633385593094,-0.19188413356995077,0.0,-0.5212726157069154,0,0,0,0
2.349081361958347,0.17357530888821052,3.0,2.524544309094398,2.620551822650087,2.0,0.6153896753459882,0,0,0,0
-0.09163445860721221,0.2901246769666253,0.0,-0.5831522621443115,-0.4175734386987192,2.0,-0.7538903633081229,0,0,1,0
-0.7696110754309786,0.5232234131234549,0.0,-0.20389348960493364,-0.17452341779081473,1.0,-0.5947197812257183,0,0,0,0
0.3151515114870476,0.8728715173586992,0.0,-0.5144974281640247,-0.4175734386987192,2.0,-0.3951637751454717,0,1,1,1
-0.6340157520662254,0.2901246769666253,0.0,-0.7015226655585992,-0.6432627438274877,2.0,-0.7242896832187953,0,0,1,0
-0.2272297819719655,-0.05952342726861902,0.0,-0.6039854531452261,-0.4522948702569913,2.0,-0.477770324231967,0,0,1,0
0.17955618812229435,0.057025940809795755,4.0,0.6081274778170801,0.7629552342825311,2.0,1.678413582016463,1,0,0,0
-1.0408017221604853,-0.29262216342544856,0.0,1.571662561609382,1.24905527609834,2.0,-0.05035792025480403,0,0,0,0
-0.6340157520662254,-2.740158893072159,1.0,-0.7183312628434281,-0.8863127647353921,2.0,-0.7996299154874971,0,0,0,0
-0.2272297819719655,-1.9243133165232553,1.0,-0.6158224934866549,-0.6953448911648957,1.0,-0.5319043845245292,0,0,0,0
-0.3628251053367188,0.40667404504504007,2.0,-0.5334366927103107,-0.6085413122692156,3.0,-0.7043359947994069,0,0,0,0
2.4846766853231004,0.2901246769666253,4.0,2.7541828917181164,2.9504054224536715,1.0,0.5819933008136816,0,0,0,0
1.399914098405074,-1.8077639484448407,1.0,0.48786314794816377,1.24905527609834,1.0,0.4726256717627072,1,0,0,0
-0.3628251053367188,0.057025940809795755,0.0,1.0011172171525153,0.7282338027242591,2.0,0.7726480687921312,0,0,0,0
0.17955618812229435,0.5232234131234549,1.0,1.688849260989527,1.4747445812271085,3.0,-0.2546370322666165,0,0,0,0
0.45074683485180095,0.5232234131234549,0.0,-0.20389348960493364,0.10324803467536181,1.0,-0.5933430054076101,0,0,0,0
0.8575328049460608,1.2225196215939436,3.0,0.6112051083058515,0.22477304512931406,1.0,0.7791303882690576,0,0,0,0
3.0270579787821132,0.057025940809795755,4.0,2.8074495732545457,3.0198482855702156,1.0,0.5758838581208264,1,0,0,0
-0.3628251053367188,0.057025940809795755,0.0,-0.0014800997665016622,0.12060875045449784,2.0,-0.5635893502273817,0,0,0,0
1.1287234516755673,0.057025940809795755,1.0,0.3791991176138476,0.4851837818163546,1.0,-0.16439128957825658,0,0,0,0
-0.4984204287014721,0.40667404504504007,0.0,-0.14518176951144696,0.22477304512931406,1.0,-0.4767473033115671,0,0,0,0
-0.09163445860721221,0.2901246769666253,0.0,-0.5341469151307964,-0.27868771246563095,2.0,-0.2861690228785681,0,1,1,1
-1.0408017221604853,0.17357530888821052,0.0,-1.0703648425975196,-1.2161663645389769,1.0,-0.9148201589358879,0,0,1,0
-0.4984204287014721,-0.5257208995822781,0.0,-0.26426239534622037,-0.018276975778590426,2.0,-0.5037760896851229,0,0,0,0
-1.0408017221604853,0.2901246769666253,0.0,-1.0703648425975196,-1.2161663645389769,1.0,-0.9148201589358879,0,0,1,0
-1.0408017221604853,0.17357530888821052,0.0,-1.0703648425975196,-1.2161663645389769,2.0,-0.9148201589358879,0,0,1,0
0.5863421582165542,0.2901246769666253,0.0,-0.4683329708324524,-0.27868771246563095,2.0,-0.6626407215857256,0,0,1,0
2.4846766853231004,1.1059702535155287,4.0,2.5328302373333984,2.724716117324903,2.0,0.7562032465202826,1,0,0,0
1.5355094217698273,0.2901246769666253,0.0,-0.8975440536126597,-0.46965558603612734,1.0,-0.6848125488231773,0,0,1,0
-0.4984204287014721,0.40667404504504007,1.0,0.5643304285537936,0.3636587713624023,2.0,1.0506038089590979,0,0,0,0
-0.7696110754309786,-2.740158893072159,1.0,-0.03107270062007359,-0.5217377333735355,2.0,1.0685018945945055,0,0,0,0
-0.905206398795732,-0.29262216342544856,1.0,0.49330818650522096,0.32893733980413026,4.0,-0.7142124491056974,0,0,0,0
0.04396086475754107,0.6397727812018696,0.0,-0.13452843320416105,-0.12244127045340664,0.0,-0.4924559329584551,0,0,0,0
-0.7696110754309786,-0.9919183718959372,1.0,-0.8016640268470866,-0.7300663227231678,1.0,0.7513367264409972,1,0,0,0
1.942295391864087,0.17357530888821052,3.0,2.6630376810891145,2.9156839908953995,1.0,0.4712488959445989,0,0,0,0
-1.0408017221604853,0.40667404504504007,0.0,-0.451287632740795,-0.9036734805145282,2.0,-0.6904821881296925,0,0,0,0
-1.0408017221604853,0.17357530888821052,0.0,-0.9938975619918898,-1.1988056487598409,3.0,-0.8897704878008625,0,1,1,1
-0.6340157520662254,0.2901246769666253,0.0,-0.6761913992279416,-0.4522948702569913,2.0,-0.493450271049311,0,0,1,0
-1.0408017221604853,-0.05952342726861902,0.0,-0.470226897287081,-0.9383949120728002,2.0,-0.7197004304917677,0,0,0,0
-1.0408017221604853,-2.9732576292289883,0.0,-0.05829789340535976,-0.6085413122692156,2.0,1.074620898230542,0,0,0,0
-0.6340157520662254,0.057025940809795755,1.0,0.5359215317343645,0.4678230660372185,4.0,-0.6772689646531258,0,0,0,0
-0.7696110754309786,0.2901246769666253,0.0,1.571662561609382,1.3532195707731562,2.0,-0.0193039768019178,0,0,0,0
0.9931281283108141,0.7563221492802844,1.0,-0.4174336973643087,-0.07035912311599853,2.0,2.1006248329029944,0,0,0,0
2.349081361958347,0.6397727812018696,3.0,2.513890972787112,2.689994685766631,2.0,0.6734437223428864,0,0,0,0
0.5863421582165542,0.8728715173586992,5.0,0.6696800875925096,0.9365623920738915,2.0,1.8596890647340498,1,0,0,0
1.942295391864087,0.8728715173586992,9.0,1.4189647412049509,0.43310163447894645,4.0,-0.5789442249765613,0,1,0,0
2.6202720086878535,0.6397727812018696,3.0,2.571892470460113,2.742076833104039,2.0,0.7077101427046918,0,0,0,0
1.2643187750403206,-1.3415664761311816,1.0,1.1059933945775742,1.9261231914846455,4.0,-0.3935384148046494,0,0,0,0
-1.0408017221604853,-0.5257208995822781,0.0,-0.4595735609797951,-1.0078377751893444,2.0,-0.716564441128299,0,0,0,0
-1.0408017221604853,-1.4581158442095963,0.0,-0.790300468119315,-0.6779841753857597,3.0,-0.7946391031468546,0,0,0,0
-1.0408017221604853,0.6397727812018696,0.0,-0.6537010225792269,-0.7127056069440318,2.0,1.2412872597670914,0,0,0,0
-0.2272297819719655,1.1059702535155287,1.0,-0.6139285670320263,-0.6085413122692156,3.0,-0.7492724277515513,0,0,0,0
0.04396086475754107,0.9894208854371139,2.0,-0.40441295298873703,-0.0009162599994543909,1.0,-0.31394356282026586,0,0,0,0
-0.3628251053367188,0.17357530888821052,1.0,-0.3269987091557929,-0.816869901618848,2.0,2.9602683562206993,0,0,0,0
0.8575328049460608,-0.5257208995822781,1.0,2.4949517082408263,2.620551822650087,1.0,0.40008679584612833,0,0,0,0
2.6202720086878535,1.2225196215939436,4.0,2.513890972787112,2.794158980441447,2.0,0.7350926839759561,0,0,0,0
-1.0408017221604853,0.7563221492802844,0.0,-0.9164833181589457,-1.0425592067476164,1.0,-0.8322136098493925,0,0,1,0
-0.3628251053367188,0.7563221492802844,0.0,-0.933055174636946,-1.0425592067476164,1.0,-0.8038176086009097,0,0,1,0
-0.2272297819719655,0.6397727812018696,0.0,-0.08078827005407443,-0.0009162599994543909,2.0,-0.5897480907714385,0,0,0,0
0.7219374815813074,0.6397727812018696,3.0,1.1147528044302315,0.9886445394112996,2.0,1.1470546037721263,0,0,0,0
-1.0408017221604853,-2.3905107888369144,1.0,-0.10327864670278909,-0.5217377333735355,2.0,1.0528219477771612,0,0,0,0
-0.3628251053367188,0.5232234131234549,0.0,-0.8726862688956593,-1.0078377751893444,2.0,-0.7811964170339365,0,0,1,0
0.04396086475754107,0.40667404504504007,0.0,-0.4707003789007382,-0.2092448493490868,2.0,-0.5483683286827404,0,0,1,0
2.2134860385935937,0.6397727812018696,9.0,1.4142299250683794,0.4504623502580825,4.0,-0.5938306135098567,1,1,0,0
-0.3628251053367188,0.7563221492802844,0.0,0.23478722544841663,0.3462980555832663,2.0,-0.4862604417769679,0,0,0,0
-0.7696110754309786,-2.740158893072159,1.0,-0.03107270062007359,-0.5217377333735355,2.0,1.0685018945945055,0,0,0,0
0.3151515114870476,0.40667404504504007,0.0,-0.5168648362323104,-0.27868771246563095,1.0,2.104793404130045,0,0,0,0
-0.3628251053367188,0.057025940809795755,1.0,0.5809022850317939,0.4851837818163546,4.0,-0.6459759976207069,0,0,0,0
-1.0408017221604853,0.17357530888821052,0.0,-1.0703648425975196,-1.2161663645389769,1.0,-0.9148201589358879,0,0,1,0
0.45074683485180095,0.40667404504504007,0.0,-0.39375961668145115,-0.08771983889513456,1.0,2.43444516407834,0,0,0,0
0.45074683485180095,0.17357530888821052,1.0,-0.1660149605123616,0.13796946623363388,2.0,-0.43310159768889916,0,0,0,0
-1.0408017221604853,-1.5746652122880112,0.0,-0.6986817758766563,-0.7300663227231678,1.0,-0.5019595104806747,0,0,0,0
0.5863421582165542,0.057025940809795755,0.0,-0.4612307466275951,-0.4522948702569913,2.0,-0.4622433525055239,0,0,1,0
-1.0408017221604853,0.17357530888821052,0.0,-0.7476871228901714,-0.7300663227231678,2.0,-0.7625334559440247,0,1,1,1
0.04396086475754107,0.17357530888821052,0.0,-0.5322529886761678,-0.313409144023903,2.0,1.92477996591239,0,0,0,0
0.7219374815813074,-2.04086268460167,0.0,0.41565720186544824,1.144890981423524,0.0,0.6746197183541872,1,0,0,0
0.3151515114870476,0.8728715173586992,1.0,-0.38665739247659386,-0.08771983889513456,1.0,-0.5058316924691041,0,0,0,0
-1.0408017221604853,0.40667404504504007,0.0,-0.7180945220365995,-0.48701630181526334,0.0,-0.7539094851944854,0,0,0,0
0.45074683485180095,0.5232234131234549,0.0,-0.3672446463166507,-0.29604842824476696,1.0,0.6360317516744307,0,0,0,0
-0.3628251053367188,0.8728715173586992,0.0,-0.5938055984515974,-0.3481305755821751,2.0,-0.6728900526760871,0,0,1,0
0.9931281283108141,0.8728715173586992,3.0,0.5449176823938504,0.710873086945123,2.0,-0.1167491097058021,0,0,0,0
0.17955618812229435,1.2225196215939436,2.0,0.7982303457004262,1.1275302656443877,2.0,2.7663724285037867,0,0,0,0
-0.3628251053367188,0.2901246769666253,0.0,-0.6181899015549407,-0.4002127229195832,2.0,-0.45918385068750556,0,0,1,0
2.2134860385935937,0.40667404504504007,4.0,2.583729510801542,2.759437548883175,2.0,0.8033960620632155,1,0,0,0
1.8067000684993337,1.5721677258291877,3.0,-0.04290974096150236,0.4851837818163546,2.0,-0.1623356867942755,0,0,0,0
0.3151515114870476,0.7563221492802844,1.0,0.23478722544841663,0.4851837818163546,1.0,-0.19967116991728062,0,0,0,0
0.17955618812229435,0.6397727812018696,0.0,-0.5405389169151679,-0.27868771246563095,2.0,-0.6783206684030696,0,1,1,1
-0.6340157520662254,0.2901246769666253,0.0,0.4478539515941345,-0.018276975778590426,1.0,0.512035879556056,0,0,0,0
-0.6340157520662254,0.40667404504504007,0.0,-0.6305004235100266,-0.7647877542814399,2.0,-0.7018788324018109,0,0,0,0
-0.2272297819719655,0.40667404504504007,0.0,-0.5677641097004541,-0.3654912913613111,2.0,-0.6722016647670329,0,1,1,1
0.04396086475754107,-0.29262216342544856,0.0,0.2454405617557025,0.31157662402499425,1.0,-0.33433705462599445,0,1,0,1
-0.3628251053367188,1.1059702535155287,1.0,0.7070851350714246,1.0928088340861157,2.0,2.6679329575090467,0,0,0,0
-1.0408017221604853,-1.2250171080527668,0.0,-0.8738699729298021,-0.834230617397984,1.0,0.6643417044342818,1,0,0,0
-0.7696110754309786,-0.1760727953470338,0.0,-0.6127448629978834,-0.48701630181526334,2.0,-0.763757256671232,0,0,1,0
0.04396086475754107,1.2225196215939436,1.0,0.3306672522139897,0.5372659291537627,2.0,-0.33971030469388913,0,0,0,0
-1.0408017221604853,-0.29262216342544856,0.0,-1.0703648425975196,-1.2161663645389769,1.0,-0.9148201589358879,0,1,1,1
-0.09163445860721221,-0.5257208995822781,1.0,-0.6719300647050273,-0.4522948702569913,4.0,-0.784972989590553,0,0,0,0
0.45074683485180095,0.6397727812018696,0.0,-0.4825374192421669,-0.22660556512822283,2.0,-0.6440542480412641,0,0,1,0
-1.0408017221604853,0.40667404504504007,0.0,-1.0703648425975196,-1.2161663645389769,2.0,-0.9148201589358879,0,0,0,0
-1.0408017221604853,0.7563221492802844,0.0,-1.0703648425975196,-1.2161663645389769,1.0,-0.9148201589358879,0,0,1,0
-0.3628251053367188,-0.5257208995822781,0.0,-0.9981588965148042,-1.1120020698641606,3.0,-0.8664895911543793,0,0,1,0
1.399914098405074,0.6397727812018696,2.0,0.3791991176138476,0.5893480764911708,1.0,-0.09503620774105322,0,0,0,0
0.5863421582165542,0.6397727812018696,0.0,-0.5062114999250245,-0.3654912913613111,3.0,-0.6455839989502733,0,0,1,0
-0.6340157520662254,-1.2250171080527668,0.0,-0.7180945220365995,-0.5738198807109435,3.0,-0.746308535365346,0,0,0,0
-0.09163445860721221,0.057025940809795755,0.0,-0.5405389169151679,-0.38285200714044715,2.0,-0.7399696300361394,0,1,1,1
-1.0408017221604853,0.2901246769666253,0.0,-0.8904418294078024,-1.0599199225267524,1.0,-0.8314391734517065,0,0,1,0
-1.0408017221604853,0.6397727812018696,0.0,-1.0703648425975196,-1.2161663645389769,2.0,-0.8918738953007502,0,0,1,0
1.1287234516755673,-0.5257208995822781,0.0,-0.9590966633880893,-0.6432627438274877,1.0,-0.8715377691541095,0,0,1,1
0.3151515114870476,0.5232234131234549,0.0,-0.4896396434470242,-0.17452341779081473,2.0,2.0232959244525808,0,0,0,0
-0.6340157520662254,-0.05952342726861902,0.0,-0.6316841275441695,-0.4175734386987192,2.0,-0.7695703101254668,0,0,1,0
0.04396086475754107,0.40667404504504007,1.0,-0.4583898569456522,-0.46965558603612734,2.0,1.4431378922108515,0,0,0,0
-0.3628251053367188,0.2901246769666253,0.0,-0.17595807439916175,-0.27868771246563095,0.0,-0.5118072819574211,0,0,0,0
-0.7696110754309786,-1.6912145803664258,0.0,-0.6690891750230844,-0.7647877542814399,1.0,-0.5257949418316737,0,0,0,0
-0.7696110754309786,-0.1760727953470338,0.0,-0.6482559840221698,-0.6953448911648957,2.0,-0.6537681663134725,0,0,1,0
-0.3628251053367188,0.6397727812018696,0.0,-0.6825834010123132,-0.4522948702569913,2.0,-0.7861681074882164,0,0,1,0
0.5863421582165542,0.5232234131234549,1.0,0.21111314476555906,0.3983802029206744,1.0,-0.3721983896239715,0,0,0,0
1.1287234516755673,-0.4091715315038634,0.0,-0.8324403317348014,-0.6779841753857597,2.0,-0.7055502345834329,0,0,1,1
0.7219374815813074,-0.05952342726861902,0.0,-0.9046462778175169,-0.6779841753857597,2.0,-0.7212301814007769,0,0,1,0
0.17955618812229435,0.6397727812018696,2.0,-0.3116105567119355,-0.6779841753857597,2.0,-0.5755214073176532,0,0,0,0
-1.0408017221604853,-0.7588196357391077,0.0,0.46371558565164905,0.25949447668758613,3.0,-0.6009821990094746,0,0,0,0
-0.09163445860721221,0.7563221492802844,0.0,-0.9531781432173748,-1.0946413540850246,1.0,-0.7339462358319156,0,0,1,1
-0.2272297819719655,0.2901246769666253,0.0,-0.4394505923993662,-0.4002127229195832,1.0,0.5490367296677152,0,0,0,0
-0.4984204287014721,-2.8567082611505734,1.0,-0.622451236077855,-0.799509185839712,2.0,-0.7606212673077631,0,0,0,0
1.8067000684993337,0.9894208854371139,2.0,0.163764983399844,0.22477304512931406,0.0,-0.18956525297463883,0,0,0,0
-0.3628251053367188,0.2901246769666253,0.0,0.49283470489156384,-0.0009162599994543909,1.0,0.6059147806533126,0,0,0,0
-0.6340157520662254,-2.623609524993744,2.0,-0.6908693292513133,-0.782148470060576,2.0,-0.5455382895010734,0,0,0,0
-0.2272297819719655,-0.1760727953470338,0.0,0.19217388021927304,0.2421337609084501,1.0,-0.37985670511219866,0,1,0,1
0.45074683485180095,0.40667404504504007,4.0,0.6507408230462236,0.9018409605156193,2.0,1.7769295405566536,1,0,0,0
-0.3628251053367188,0.9894208854371139,0.0,-0.9981588965148042,-1.1120020698641606,2.0,-0.8374912504854741,0,0,1,0
-0.4984204287014721,0.40667404504504007,0.0,2.1760618414427353,1.665712454797605,2.0,0.14675048437102792,0,0,0,0
0.04396086475754107,0.17357530888821052,1.0,-0.025154180449359204,-0.052998407336862494,2.0,-0.518461698411611,0,0,0,0
-1.0408017221604853,0.17357530888821052,0.0,-1.0703648425975196,-1.2161663645389769,3.0,-0.9148201589358879,0,0,0,0
-1.0408017221604853,-0.1760727953470338,0.0,-1.0703648425975196,-1.2161663645389769,1.0,-0.9148201589358879,0,0,1,0
0.45074683485180095,0.7563221492802844,3.0,-0.7500545309584572,-0.8515913331771201,4.0,-0.8209125750090872,0,0,0,0
1.399914098405074,0.5232234131234549,1.0,0.35197392482856144,0.4851837818163546,1.0,-0.3291741453080885,0,0,0,0
-1.0408017221604853,-1.9243133165232553,0.0,-0.7412951211057999,-0.8689520489562561,1.0,-0.6127899638383892,0,0,0,0
0.5863421582165542,0.7563221492802844,2.0,1.716074453774813,1.5615481601227887,3.0,-0.25846140953913943,0,0,0,0
-1.0408017221604853,0.6397727812018696,0.0,-1.0431396498122336,-1.1120020698641606,1.0,-0.629053128189793,0,0,1,0
0.04396086475754107,0.6397727812018696,0.0,-0.57676026035994,-0.24396628090735886,3.0,-0.4443739496996605,0,0,1,0
0.8575328049460608,-1.2250171080527668,5.0,-0.30379811008659247,-0.29604842824476696,2.0,-0.2959594286962268,1,0,0,0
0.45074683485180095,0.17357530888821052,1.0,0.5922658437595655,0.08588731889622578,1.0,0.6166708417322834,0,0,0,0
0.9931281283108141,-2.04086268460167,2.0,0.5129576734719927,1.3011374234357482,0.0,0.8449957258450839,1,0,0,0
3.29824862551162,0.7563221492802844,10.0,1.6403173955896688,0.693512371165987,4.0,-0.5373541221378744,0,0,0,0
0.8575328049460608,0.2901246769666253,1.0,0.40287319829670515,0.5719873607120347,1.0,-0.1381465005455679,0,0,0,0
-0.3628251053367188,-0.4091715315038634,0.0,-0.7756225380959433,-0.834230617397984,3.0,-0.5674232884430859,0,0,1,0
-0.2272297819719655,0.8728715173586992,1.0,-0.47661889907145255,-0.12244127045340664,1.0,-0.6935894946636174,0,0,0,0
-1.0408017221604853,-0.05952342726861902,0.0,-1.0703648425975196,-1.2161663645389769,1.0,-0.9148201589358879,0,0,1,0
-0.09163445860721221,0.8728715173586992,1.0,-0.4974520900723672,-0.48701630181526334,2.0,1.4916309960264427,0,0,0,0
-1.0408017221604853,-0.8753690038175225,0.0,-0.8762373809980879,-0.7127056069440318,1.0,0.6812932566947397,1,0,0,0
1.5355094217698273,1.1059702535155287,3.0,0.39813838216013364,0.6240695080494428,2.0,-0.10336378925197183,0,0,0,0
0.04396086475754107,0.2901246769666253,2.0,0.6081274778170801,0.5719873607120347,4.0,-0.6482706239842208,0,0,0,0
1.6711047451345804,-1.5746652122880112,2.0,1.1308511792945746,1.9087624757055093,4.0,-0.39916024939525807,0,0,0,0
-0.4984204287014721,0.5232234131234549,0.0,-0.9283203585003744,-1.0425592067476164,1.0,-0.681628754743802,0,0,1,0
-1.0408017221604853,0.7563221492802844,0.0,-0.26236846889159177,0.20741232935017803,2.0,-0.6245499239513972,0,0,0,0
-1.0408017221604853,-0.7588196357391077,0.0,-1.0703648425975196,-1.2161663645389769,1.0,-0.9148201589358879,0,0,1,0
-1.0408017221604853,0.40667404504504007,0.0,-0.3322070069060215,0.033805171558817675,1.0,-0.6403254802005542,0,0,0,0
-0.2272297819719655,0.5232234131234549,0.0,-0.5630292935638825,-0.4175734386987192,2.0,-0.45673624923309086,0,1,1,1
-0.6340157520662254,0.7563221492802844,1.0,-0.47661889907145255,-0.10508055467427059,1.0,-0.40093858482698125,0,0,0,0
0.04396086475754107,0.7563221492802844,0.0,1.5740299696776678,1.3879410023314283,3.0,-0.3402074737393171,0,0,0,0
0.04396086475754107,0.6397727812018696,1.0,0.3886687498869906,0.4851837818163546,2.0,-0.36709284596515335,0,0,0,0
-0.3628251053367188,0.2901246769666253,1.0,-0.16056992195530434,0.17269089779190594,2.0,-0.5612182363184175,0,0,0,0
-0.7696110754309786,-0.7588196357391077,0.0,-0.8300729236665156,-1.0251984909684804,3.0,-0.7223583726961712,0,0,1,0
-0.2272297819719655,0.7563221492802844,1.0,0.7212895834811391,1.0407266867487077,2.0,2.6493464839645853,0,0,0,0
0.45074683485180095,0.8728715173586992,2.0,-0.22046534608293394,-0.6259020280483516,2.0,3.1790992237544615,0,0,0,0
-0.905206398795732,-0.9919183718959372,0.0,-0.7263804502755996,-0.6259020280483516,3.0,-0.6907594554819505,0,0,0,0
-0.905206398795732,-0.05952342726861902,0.0,-0.7188047444570852,-0.5911805964900796,2.0,-0.5919662295895017,0,0,1,0
0.7219374815813074,0.7563221492802844,2.0,0.5922658437595655,0.190051613571042,1.0,0.6860259235694867,0,0,0,0
0.17955618812229435,0.8728715173586992,2.0,-0.2654460993803633,-0.6432627438274877,2.0,3.0956513116680116,0,0,0,0
0.3151515114870476,0.6397727812018696,0.0,-0.07652693553116008,-0.07035912311599853,0.0,-0.4558566424604106,0,0,0,0
-0.4984204287014721,-0.05952342726861902,0.0,-0.1676721461601616,-0.2092448493490868,0.0,-0.5077056373326403,0,0,0,0
-0.6340157520662254,0.6397727812018696,2.0,0.49567559457350674,0.3810194871415384,2.0,1.2656102992203373,0,0,0,0
-1.0408017221604853,-0.05952342726861902,0.0,-0.3992046552385084,-0.9210341962936642,2.0,2.8829394477702857,0,0,0,0
2.2134860385935937,-0.642270267660693,2.0,2.7163043626255443,2.8809625593371275,1.0,0.48183286004630604,0,0,0,0
0.7219374815813074,0.9894208854371139,3.0,0.6696800875925096,0.7455945185033951,4.0,-0.5975020156914788,0,0,0,0
-0.4984204287014721,0.17357530888821052,3.0,0.5335541236660788,0.7803159500616672,1.0,1.932524329889249,1,0,0,0
-1.0408017221604853,-0.5257208995822781,0.0,-0.6671952485684558,-0.7300663227231678,2.0,-0.6906351632205935,0,1,1,1
-0.2272297819719655,0.40667404504504007,0.0,-0.5547433653248824,-0.330769859803039,2.0,-0.721383156491678,0,1,1,1
-0.7696110754309786,-1.2250171080527668,0.0,-0.6797425113303702,-0.6953448911648957,1.0,-0.4604841389601634,0,0,0,0
0.3151515114870476,0.40667404504504007,2.0,-0.10682975880521772,0.27685519246672213,2.0,-0.24509521097167175,0,0,0,0
-0.3628251053367188,0.2901246769666253,0.0,-0.5618455895297397,-0.27868771246563095,1.0,2.303565412869424,0,0,0,0
0.45074683485180095,0.2901246769666253,1.0,1.697135189228527,1.5268267285645167,3.0,-0.3101861121500121,0,0,0,0
-0.3628251053367188,-1.108467739974352,0.0,-0.8525633003152303,-0.7647877542814399,1.0,-0.730160102332118,0,0,0,0
2.6202720086878535,0.057025940809795755,0.0,-0.7022328879790849,-0.22660556512822283,2.0,-0.5085183175030513,0,1,1,1
-1.0408017221604853,-0.642270267660693,0.0,-0.4962683860382243,-0.782148470060576,1.0,-0.7040013617880612,0,1,1,1
-1.0408017221604853,0.5232234131234549,1.0,-0.3826327987605081,-0.7474270385023039,2.0,3.1950086332081575,0,0,0,0
-0.905206398795732,-0.05952342726861902,0.0,-0.6198470872027406,-0.6085413122692156,2.0,-0.5983146958618899,0,0,1,0
-0.6340157520662254,0.2901246769666253,0.0,-0.6068263428271691,-0.29604842824476696,1.0,2.209686511772167,0,0,0,0
0.45074683485180095,-0.5257208995822781,6.0,1.2662669208005197,0.12060875045449784,3.0,-0.4393066498135676,1,0,0,0
0.17955618812229435,0.6397727812018696,1.0,0.056521397906499314,0.27685519246672213,2.0,-0.49062023186764403,0,0,0,0
0.45074683485180095,-0.1760727953470338,0.0,-0.9152996141248028,-0.7127056069440318,1.0,-0.7010757131745812,0,0,1,0
0.3151515114870476,-2.04086268460167,0.0,0.9992232906978866,1.735155317914149,3.0,-0.1828343489749984,0,0,0,0
-0.3628251053367188,0.2901246769666253,0.0,-0.5618455895297397,-0.27868771246563095,1.0,2.303565412869424,0,0,0,0
-1.0408017221604853,-3.4394551015426473,0.0,-0.809239732665601,-1.0251984909684804,1.0,-0.8189621426001005,0,0,0,0
0.45074683485180095,0.9894208854371139,0.0,-0.4979255716860243,-0.13980198623254267,2.0,-0.5798047098628789,0,0,1,0
-1.0408017221604853,0.17357530888821052,0.0,-0.2043669712185908,0.1553301820127699,1.0,-0.5932569569189784,0,0,0,0
-1.0408017221604853,-0.8753690038175225,0.0,-1.0703648425975196,-1.2161663645389769,1.0,-0.9148201589358879,0,0,1,0
0.04396086475754107,1.1059702535155287,2.0,-0.09901731217987474,0.3462980555832663,2.0,-0.4487815445062432,0,0,0,0
0.7219374815813074,0.7563221492802844,2.0,0.1666058730817869,0.41574091869981045,2.0,-0.43149535923443955,0,0,0,0
0.45074683485180095,1.3390689896723582,2.0,-0.5417226209493108,-0.5043770175943993,3.0,-0.7009418599700428,0,0,0,0
-0.7696110754309786,0.8728715173586992,0.0,-0.8206032913933726,-0.834230617397984,1.0,-0.7274925991845331,0,0,1,0
-1.0408017221604853,0.8728715173586992,0.0,-0.9354225827052317,-0.9731163436310724,1.0,-0.8559629927117599,0,0,1,0
-0.905206398795732,0.40667404504504007,0.0,-0.6754811768074559,-0.782148470060576,2.0,-0.7853267444882612,0,0,0,0
-0.3628251053367188,0.6397727812018696,0.0,-0.9981588965148042,-1.1120020698641606,3.0,-0.8664895911543793,0,0,1,0
2.07789071522884,0.057025940809795755,0.0,-0.8442773720762302,-0.4002127229195832,1.0,-0.6909219915160326,0,1,1,1
-0.09163445860721221,0.5232234131234549,1.0,-0.4820639376285098,-0.5738198807109435,2.0,1.4273814578480575,0,0,0,0
2.07789071522884,-0.1760727953470338,3.0,2.677242129498829,2.863601843557991,1.0,0.4675488109334328,0,0,0,0
-0.2272297819719655,0.17357530888821052,3.0,0.5785348769635081,0.7976766658408032,1.0,2.0264032309865057,1,0,0,0
-0.3628251053367188,0.17357530888821052,1.0,1.601255162462954,1.3184981392148842,3.0,-0.36836445140826723,0,0,0,0
-0.3628251053367188,0.17357530888821052,1.0,-0.34238686159965026,-0.22660556512822283,1.0,0.9810001425991807,0,0,0,0
0.3151515114870476,0.6397727812018696,2.0,0.4727117363111349,0.6067087922703068,2.0,-0.1940780181562158,0,0,0,0
-0.7696110754309786,-0.8753690038175225,0.0,-0.306875740575364,-0.1571627020116787,2.0,-0.6022920482253137,0,0,0,0
0.17955618812229435,0.6397727812018696,1.0,-0.3980209512043655,-0.24396628090735886,1.0,0.8832490595134945,0,0,0,0
-1.0408017221604853,0.2901246769666253,0.0,-0.8435671496557444,-0.9731163436310724,2.0,-0.840474264758042,0,0,0,0
0.45074683485180095,0.40667404504504007,1.0,0.24899167385813115,0.43310163447894645,1.0,-0.22058095265479977,0,1,0,0
-0.905206398795732,0.2901246769666253,0.0,0.40287319829670515,-0.03563769155772646,1.0,0.4181569784587993,0,0,0,0
-0.7696110754309786,0.6397727812018696,0.0,-0.9022788697492311,-0.9731163436310724,2.0,-0.7600093669441595,0,0,1,0
-0.3628251053367188,1.1059702535155287,2.0,-0.9287938401140317,-0.9731163436310724,4.0,-0.8427688911215557,0,0,0,0
-0.4984204287014721,-0.8753690038175225,0.0,-0.26189498727793464,-0.13980198623254267,2.0,-0.5188441361388633,0,0,0,0
-0.905206398795732,-0.8753690038175225,0.0,-0.7791736501983719,-0.9557556278519362,3.0,-0.750132912637869,0,0,1,0
0.8575328049460608,1.455618357750773,3.0,0.07072584631621384,0.43310163447894645,3.0,-0.5985919632141478,0,0,0,0
0.9931281283108141,-0.4091715315038634,2.0,-0.4588633385593094,-0.24396628090735886,4.0,-0.7100534388218287,0,0,0,0
0.8575328049460608,0.8728715173586992,0.0,-0.4683329708324524,-0.17452341779081473,2.0,-0.6009917599526559,0,1,1,1
1.8067000684993337,-0.1760727953470338,1.0,2.593199143074685,2.742076833104039,1.0,0.4363992580487336,0,0,0,0
-1.0408017221604853,-0.05952342726861902,0.0,-1.0703648425975196,-1.2161663645389769,1.0,-0.9148201589358879,0,1,1,1
0.5863421582165542,0.2901246769666253,4.0,0.7501719619142253,0.7455945185033951,4.0,-0.5705401559201921,0,0,0,0
-0.7696110754309786,-1.3415664761311816,0.0,-0.6991552574903135,-0.6432627438274877,3.0,-0.733114433775142,0,0,0,0
-0.09163445860721221,0.9894208854371139,0.0,-0.8068723245973153,-0.8515913331771201,3.0,-0.7315368781502262,0,0,1,0
-0.2272297819719655,0.40667404504504007,2.0,0.49804300264179246,0.2421337609084501,2.0,0.990408110689587,0,0,0,0
0.45074683485180095,0.40667404504504007,0.0,-0.4754351950373097,-0.4002127229195832,2.0,-0.44365687896106243,0,1,1,1
1.5355094217698273,0.5232234131234549,2.0,0.47507914437942067,0.676151655386851,1.0,-0.05115147853885248,0,0,0,0
-0.905206398795732,-0.05952342726861902,0.0,0.46845040178822056,0.17269089779190594,2.0,0.9499461991462945,0,0,0,0
-1.0408017221604853,-0.7588196357391077,0.0,-0.875053676963945,-1.0425592067476164,3.0,-0.7745133177502027,0,0,1,0
0.17955618812229435,-1.2250171080527668,0.0,-0.9046462778175169,-0.8863127647353921,1.0,-0.8357415978832948,0,0,1,1
-0.2272297819719655,0.7563221492802844,2.0,0.49567559457350674,0.3636587713624023,2.0,1.0054761571433275,0,0,0,0
-1.0408017221604853,0.2901246769666253,0.0,0.2541999716083598,-0.0009162599994543909,2.0,0.7269850041582074,0,0,0,0
